{"assets/convimg.png":["assets/convimg.png"],"assets/git.png":["assets/git.png"],"assets/git2.png":["assets/git2.png"],"assets/git3.png":["assets/git3.png"],"assets/hazirimg.png":["assets/hazirimg.png"],"assets/linked.png":["assets/linked.png"],"assets/linked3.png":["assets/linked3.png"],"assets/linkedin.png":["assets/linkedin.png"],"assets/linkedin2.png":["assets/linkedin2.png"],"assets/linkedin3.png":["assets/linkedin3.png"],"assets/me.jpeg":["assets/me.jpeg"],"assets/passimg.png":["assets/passimg.png"],"assets/pig.png":["assets/pig.png"],"assets/site_background.png":["assets/site_background.png"],"fonts/Bodoni.ttf":["fonts/Bodoni.ttf"],"fonts/RobotoCondensed.ttf":["fonts/RobotoCondensed.ttf"],"fonts/Rubik.ttf":["fonts/Rubik.ttf"],"packages/cupertino_icons/assets/CupertinoIcons.ttf":["packages/cupertino_icons/assets/CupertinoIcons.ttf"]}